Workbook

Sheet DASHBOARD
A1: TR-DMS MASTER 2026 — TECTONA RESIDEN
A3: Ringkasan Proyek | D3: Baseline
A4: Total Kavling | B4: =COUNTA(MASTER_KAVLING!A4:A17) -> 14 | D4: Luas Lahan | E4: 17,34 are
A5: Tersedia | B5: =COUNTIF(MASTER_KAVLING!I4:I17,"Tersedia") -> 14 | D5: Jalan Dalam | E5: 5,3 m
A6: Reservasi | B6: =COUNTIF(MASTER_KAVLING!I4:I17,"Reservasi") -> 0 | D6: Prima | E6: A1–A7, 7×14 m
A7: Booking | B7: =COUNTIF(MASTER_KAVLING!I4:I17,"Booking") -> 0 | D7: Standard | E7: B1–B6, 7×10 m
A8: Terjual | B8: =COUNTIF(MASTER_KAVLING!I4:I17,"Terjual") -> 0 | D8: B7 | E8: Hook – luas menunggu angka final
A9: Harga Aktif / m² | B9: =SKEMA_HARGA!E4 -> 500000 | D9: Legal | E9: Girik – proses AJB/TORA
A10: Total Penjualan | B10: =SUM(PENJUALAN!F4:F203) -> 0
A11: Pembayaran Masuk | B11: =SUM(PEMBAYARAN!F4:F503) -> 0
A12: Piutang Konsumen | B12: =SUM(PENJUALAN!L4:L203) -> 0 | D12: Skema Kas Awal | E12: 50% Tanah | 25% Legal+Infra | 10% Marketing | 10% Cadangan | 5% Operasional
A13: Saldo Kas Proyek | B13: =IFERROR(LOOKUP(2,1/(KAS_PROYEK!G:G<>""),KAS_PROYEK!G:G),0) -> -500000 | D13: Aturan Laba | E13: 80:20 hanya setelah kewajiban utama proyek tercukupi
A14: Realisasi RAB | B14: =SUM(RAB_MASTER!D4:D100) -> 500000

Sheet PENGATURAN
A1: PENGATURAN UTAMA TECTONA RESIDEN
A3: Parameter | B3: Nilai | C3: Keterangan
A4: Nama Proyek | B4: Tectona Residen | C4: Sumber utama TR-DMS
A5: Luas Lahan (are) | B5: 17.34 | C5: Baseline proyek
A6: Jumlah Kavling | B6: 14 | C6: 7 Prima + 7 Standard
A7: Lebar Jalan Dalam (m) | B7: 5.3 | C7: Hasil pengukuran akhir
A8: Harga Awal / m² | B8: 500000 | C8: Tahap 1
A9: Kenaikan / 3 unit | B9: 50000 | C9: Harga naik setiap 3 unit terjual
A10: Biaya Reservasi | B10: 500000 | C10: Data baseline
A11: Booking Fee | B11: 2000000 | C11: Data baseline
A12: Potongan bila batal | B12: 1000000 | C12: Sisa Rp1 jt dialokasikan sesuai kebijakan
A13: DP | B13: Bebas | C13: Sesuai kesepakatan
A14: Tenor Maksimum (bulan) | B14: 18 | C14: Angsuran
A15: Status Legal | B15: Girik - proses AJB/TORA | C15: Belum sertifikat
A16: Format Konsumen | B16: CUS-2026-0001 | C16: Penomoran
A17: Format Kavling | B17: TR-A01 | C17: Penomoran
A18: Format Transaksi | B18: TRX-2026-0001 | C18: Penomoran
A20: SKEMA ALOKASI KAS FASE AWAL
A21: Tanah / kewajiban paman | B21: 0.5 | C21: Prioritas sampai tanah lunas
A22: Legalitas + Infrastruktur | B22: 0.25 | C22: AJB/TORA, jalan 5,3 m, drainase, pematangan, gerbang
A23: Marketing + Komisi | B23: 0.1 | C23: Promosi, agen, banner, sponsorship
A24: Kas / Cadangan Proyek | B24: 0.1 | C24: Dana pengaman proyek
A25: Operasional Manajemen | B25: 0.05 | C25: Transport, admin, cetak, komunikasi
A27: Pembagian laba | B27: 80% Pengelola : 20% Paman | C27: Hanya setelah kewajiban utama proyek tercukupi

Sheet MASTER_KAVLING
A1: MASTER KAVLING
A3: Kode | B3: Blok | C3: No | D3: Tipe | E3: Ukuran | F3: Luas m² | G3: Harga/m² | H3: Harga Jual | I3: Status | J3: ID Konsumen | K3: Agen | L3: Catatan
A4: TR-A01 | B4: A | C4: A1 | D4: Prima | E4: 7 x 14 | F4: 98 | G4: =IF(F4="","",SKEMA_HARGA!$E$4) -> 500000 | H4: =IF(OR(F4="",G4=""),"",F4*G4) -> 49000000 | I4: Tersedia
A5: TR-A02 | B5: A | C5: A2 | D5: Prima | E5: 7 x 14 | F5: 98 | G5: =IF(F5="","",SKEMA_HARGA!$E$4) -> 500000 | H5: =IF(OR(F5="",G5=""),"",F5*G5) -> 49000000 | I5: Tersedia
A6: TR-A03 | B6: A | C6: A3 | D6: Prima | E6: 7 x 14 | F6: 98 | G6: =IF(F6="","",SKEMA_HARGA!$E$4) -> 500000 | H6: =IF(OR(F6="",G6=""),"",F6*G6) -> 49000000 | I6: Tersedia
A7: TR-A04 | B7: A | C7: A4 | D7: Prima | E7: 7 x 14 | F7: 98 | G7: =IF(F7="","",SKEMA_HARGA!$E$4) -> 500000 | H7: =IF(OR(F7="",G7=""),"",F7*G7) -> 49000000 | I7: Tersedia
A8: TR-A05 | B8: A | C8: A5 | D8: Prima | E8: 7 x 14 | F8: 98 | G8: =IF(F8="","",SKEMA_HARGA!$E$4) -> 500000 | H8: =IF(OR(F8="",G8=""),"",F8*G8) -> 49000000 | I8: Tersedia
A9: TR-A06 | B9: A | C9: A6 | D9: Prima | E9: 7 x 14 | F9: 98 | G9: =IF(F9="","",SKEMA_HARGA!$E$4) -> 500000 | H9: =IF(OR(F9="",G9=""),"",F9*G9) -> 49000000 | I9: Tersedia
A10: TR-A07 | B10: A | C10: A7 | D10: Prima | E10: 7 x 14 | F10: 98 | G10: =IF(F10="","",SKEMA_HARGA!$E$4) -> 500000 | H10: =IF(OR(F10="",G10=""),"",F10*G10) -> 49000000 | I10: Tersedia
A11: TR-B01 | B11: B | C11: B1 | D11: Standard | E11: 7 x 10 | F11: 70 | G11: =IF(F11="","",SKEMA_HARGA!$E$4) -> 500000 | H11: =IF(OR(F11="",G11=""),"",F11*G11) -> 35000000 | I11: Tersedia
A12: TR-B02 | B12: B | C12: B2 | D12: Standard | E12: 7 x 10 | F12: 70 | G12: =IF(F12="","",SKEMA_HARGA!$E$4) -> 500000 | H12: =IF(OR(F12="",G12=""),"",F12*G12) -> 35000000 | I12: Tersedia
A13: TR-B03 | B13: B | C13: B3 | D13: Standard | E13: 7 x 10 | F13: 70 | G13: =IF(F13="","",SKEMA_HARGA!$E$4) -> 500000 | H13: =IF(OR(F13="",G13=""),"",F13*G13) -> 35000000 | I13: Tersedia
A14: TR-B04 | B14: B | C14: B4 | D14: Standard | E14: 7 x 10 | F14: 70 | G14: =IF(F14="","",SKEMA_HARGA!$E$4) -> 500000 | H14: =IF(OR(F14="",G14=""),"",F14*G14) -> 35000000 | I14: Tersedia
A15: TR-B05 | B15: B | C15: B5 | D15: Standard | E15: 7 x 10 | F15: 70 | G15: =IF(F15="","",SKEMA_HARGA!$E$4) -> 500000 | H15: =IF(OR(F15="",G15=""),"",F15*G15) -> 35000000 | I15: Tersedia
A16: TR-B06 | B16: B | C16: B6 | D16: Standard | E16: 7 x 10 | F16: 70 | G16: =IF(F16="","",SKEMA_HARGA!$E$4) -> 500000 | H16: =IF(OR(F16="",G16=""),"",F16*G16) -> 35000000 | I16: Tersedia
A17: TR-B07 | B17: B | C17: B7 | D17: Standard Hook | E17: 7 x ±8.5 x ±8.3 x ±10 | G17: =IF(F17="","",SKEMA_HARGA!$E$4) | H17: =IF(OR(F17="",G17=""),"",F17*G17) | I17: Tersedia

Sheet SKEMA_HARGA
A1: SKEMA HARGA OTOMATIS
A3: Tahap | B3: Unit Terjual Mulai | C3: Unit Terjual Sampai | D3: Harga/m² | E3: Harga Aktif | F3: Keterangan
A4: Tahap 1 | B4: 0 | C4: 2 | D4: 500000 | E4: =500000+INT(COUNTIF(MASTER_KAVLING!I4:I17,"Terjual")/3)*50000 -> 500000 | F4: Setelah 0 unit terjual
A5: Tahap 2 | B5: 3 | C5: 5 | D5: 550000 | F5: Setelah 3 unit terjual
A6: Tahap 3 | B6: 6 | C6: 8 | D6: 600000 | F6: Setelah 6 unit terjual
A7: Tahap 4 | B7: 9 | C7: 11 | D7: 650000 | F7: Setelah 9 unit terjual
A8: Tahap 5 | B8: 12 | C8: 14 | D8: 700000 | F8: Setelah 12 unit terjual

Sheet KONSUMEN
A1: DATABASE KONSUMEN
A3: ID Konsumen | B3: Nama | C3: NIK | D3: No HP | E3: Alamat | F3: Kode Kavling | G3: Status | H3: Tanggal Masuk | I3: Agen | J3: Reservasi | K3: Booking | L3: DP | M3: Catatan
A4: =IF(B4="","","CUS-2026-"&TEXT(ROW()-3,"0000"))
A5: =IF(B5="","","CUS-2026-"&TEXT(ROW()-3,"0000"))
A6: =IF(B6="","","CUS-2026-"&TEXT(ROW()-3,"0000"))
A7: =IF(B7="","","CUS-2026-"&TEXT(ROW()-3,"0000"))
A8: =IF(B8="","","CUS-2026-"&TEXT(ROW()-3,"0000"))
A9: =IF(B9="","","CUS-2026-"&TEXT(ROW()-3,"0000"))
A10: =IF(B10="","","CUS-2026-"&TEXT(ROW()-3,"0000"))
A11: =IF(B11="","","CUS-2026-"&TEXT(ROW()-3,"0000"))
A12: =IF(B12="","","CUS-2026-"&TEXT(ROW()-3,"0000"))
A13: =IF(B13="","","CUS-2026-"&TEXT(ROW()-3,"0000"))
A14: =IF(B14="","","CUS-2026-"&TEXT(ROW()-3,"0000"))
A15: =IF(B15="","","CUS-2026-"&TEXT(ROW()-3,"0000"))
... A203: =IF(B203="","","CUS-2026-"&TEXT(ROW()-3,"0000"))

Sheet AGEN_MARKETING
A1: DASHBOARD MARKETING & AGEN
A3: Kode Agen | B3: Nama Agen | C3: No HP | D3: Lead | E3: Prospek | F3: Closing | G3: Nilai Penjualan | H3: Komisi % | I3: Komisi Terhitung | J3: Dibayar | K3: Sisa Komisi
A4: =IF(B4="","","AG-"&TEXT(ROW()-3,"000")) | F4: =IF(B4="","",COUNTIF(PENJUALAN!J:J,B4)) | G4: =IF(B4="","",SUMIF(PENJUALAN!J:J,B4,PENJUALAN!F:F)) | I4: =IF(OR(G4="",H4=""),"",G4*H4) | K4: =IF(I4="","",I4-J4)
A5: =IF(B5="","","AG-"&TEXT(ROW()-3,"000")) | F5: =IF(B5="","",COUNTIF(PENJUALAN!J:J,B5)) | G5: =IF(B5="","",SUMIF(PENJUALAN!J:J,B5,PENJUALAN!F:F)) | I5: =IF(OR(G5="",H5=""),"",G5*H5) | K5: =IF(I5="","",I5-J5)
A6: =IF(B6="","","AG-"&TEXT(ROW()-3,"000")) | F6: =IF(B6="","",COUNTIF(PENJUALAN!J:J,B6)) | G6: =IF(B6="","",SUMIF(PENJUALAN!J:J,B6,PENJUALAN!F:F)) | I6: =IF(OR(G6="",H6=""),"",G6*H6) | K6: =IF(I6="","",I6-J6)
A7: =IF(B7="","","AG-"&TEXT(ROW()-3,"000")) | F7: =IF(B7="","",COUNTIF(PENJUALAN!J:J,B7)) | G7: =IF(B7="","",SUMIF(PENJUALAN!J:J,B7,PENJUALAN!F:F)) | I7: =IF(OR(G7="",H7=""),"",G7*H7) | K7: =IF(I7="","",I7-J7)
A8: =IF(B8="","","AG-"&TEXT(ROW()-3,"000")) | F8: =IF(B8="","",COUNTIF(PENJUALAN!J:J,B8)) | G8: =IF(B8="","",SUMIF(PENJUALAN!J:J,B8,PENJUALAN!F:F)) | I8: =IF(OR(G8="",H8=""),"",G8*H8) | K8: =IF(I8="","",I8-J8)
A9: =IF(B9="","","AG-"&TEXT(ROW()-3,"000")) | F9: =IF(B9="","",COUNTIF(PENJUALAN!J:J,B9)) | G9: =IF(B9="","",SUMIF(PENJUALAN!J:J,B9,PENJUALAN!F:F)) | I9: =IF(OR(G9="",H9=""),"",G9*H9) | K9: =IF(I9="","",I9-J9)
A10: =IF(B10="","","AG-"&TEXT(ROW()-3,"000")) | F10: =IF(B10="","",COUNTIF(PENJUALAN!J:J,B10)) | G10: =IF(B10="","",SUMIF(PENJUALAN!J:J,B10,PENJUALAN!F:F)) | I10: =IF(OR(G10="",H10=""),"",G10*H10) | K10: =IF(I10="","",I10-J10)
A11: =IF(B11="","","AG-"&TEXT(ROW()-3,"000")) | F11: =IF(B11="","",COUNTIF(PENJUALAN!J:J,B11)) | G11: =IF(B11="","",SUMIF(PENJUALAN!J:J,B11,PENJUALAN!F:F)) | I11: =IF(OR(G11="",H11=""),"",G11*H11) | K11: =IF(I11="","",I11-J11)
A12: =IF(B12="","","AG-"&TEXT(ROW()-3,"000")) | F12: =IF(B12="","",COUNTIF(PENJUALAN!J:J,B12)) | G12: =IF(B12="","",SUMIF(PENJUALAN!J:J,B12,PENJUALAN!F:F)) | I12: =IF(OR(G12="",H12=""),"",G12*H12) | K12: =IF(I12="","",I12-J12)
A13: =IF(B13="","","AG-"&TEXT(ROW()-3,"000")) | F13: =IF(B13="","",COUNTIF(PENJUALAN!J:J,B13)) | G13: =IF(B13="","",SUMIF(PENJUALAN!J:J,B13,PENJUALAN!F:F)) | I13: =IF(OR(G13="",H13=""),"",G13*H13) | K13: =IF(I13="","",I13-J13)
A14: =IF(B14="","","AG-"&TEXT(ROW()-3,"000")) | F14: =IF(B14="","",COUNTIF(PENJUALAN!J:J,B14)) | G14: =IF(B14="","",SUMIF(PENJUALAN!J:J,B14,PENJUALAN!F:F)) | I14: =IF(OR(G14="",H14=""),"",G14*H14) | K14: =IF(I14="","",I14-J14)
A15: =IF(B15="","","AG-"&TEXT(ROW()-3,"000")) | F15: =IF(B15="","",COUNTIF(PENJUALAN!J:J,B15)) | G15: =IF(B15="","",SUMIF(PENJUALAN!J:J,B15,PENJUALAN!F:F)) | I15: =IF(OR(G15="",H15=""),"",G15*H15) | K15: =IF(I15="","",I15-J15)
... A103: =IF(B103="","","AG-"&TEXT(ROW()-3,"000")) | F103: =IF(B103="","",COUNTIF(PENJUALAN!J:J,B103)) | G103: =IF(B103="","",SUMIF(PENJUALAN!J:J,B103,PENJUALAN!F:F)) | I103: =IF(OR(G103="",H103=""),"",G103*H103) | K103: =IF(I103="","",I103-J103)

Sheet PENJUALAN
A1: TRANSAKSI PENJUALAN
A3: ID Transaksi | B3: Tanggal | C3: Kode Kavling | D3: ID Konsumen | E3: Nama Pembeli | F3: Nilai Jual | G3: Reservasi | H3: Booking | I3: DP | J3: Agen | K3: Total Bayar | L3: Sisa | M3: Tenor | N3: Status
A4: =IF(E4="","","TRX-2026-"&TEXT(ROW()-3,"0000")) | K4: =IF(A4="","",SUMIF(PEMBAYARAN!B:B,A4,PEMBAYARAN!F:F)) | L4: =IF(F4="","",MAX(0,F4-K4))
A5: =IF(E5="","","TRX-2026-"&TEXT(ROW()-3,"0000")) | K5: =IF(A5="","",SUMIF(PEMBAYARAN!B:B,A5,PEMBAYARAN!F:F)) | L5: =IF(F5="","",MAX(0,F5-K5))
A6: =IF(E6="","","TRX-2026-"&TEXT(ROW()-3,"0000")) | K6: =IF(A6="","",SUMIF(PEMBAYARAN!B:B,A6,PEMBAYARAN!F:F)) | L6: =IF(F6="","",MAX(0,F6-K6))
A7: =IF(E7="","","TRX-2026-"&TEXT(ROW()-3,"0000")) | K7: =IF(A7="","",SUMIF(PEMBAYARAN!B:B,A7,PEMBAYARAN!F:F)) | L7: =IF(F7="","",MAX(0,F7-K7))
A8: =IF(E8="","","TRX-2026-"&TEXT(ROW()-3,"0000")) | K8: =IF(A8="","",SUMIF(PEMBAYARAN!B:B,A8,PEMBAYARAN!F:F)) | L8: =IF(F8="","",MAX(0,F8-K8))
A9: =IF(E9="","","TRX-2026-"&TEXT(ROW()-3,"0000")) | K9: =IF(A9="","",SUMIF(PEMBAYARAN!B:B,A9,PEMBAYARAN!F:F)) | L9: =IF(F9="","",MAX(0,F9-K9))
A10: =IF(E10="","","TRX-2026-"&TEXT(ROW()-3,"0000")) | K10: =IF(A10="","",SUMIF(PEMBAYARAN!B:B,A10,PEMBAYARAN!F:F)) | L10: =IF(F10="","",MAX(0,F10-K10))
A11: =IF(E11="","","TRX-2026-"&TEXT(ROW()-3,"0000")) | K11: =IF(A11="","",SUMIF(PEMBAYARAN!B:B,A11,PEMBAYARAN!F:F)) | L11: =IF(F11="","",MAX(0,F11-K11))
A12: =IF(E12="","","TRX-2026-"&TEXT(ROW()-3,"0000")) | K12: =IF(A12="","",SUMIF(PEMBAYARAN!B:B,A12,PEMBAYARAN!F:F)) | L12: =IF(F12="","",MAX(0,F12-K12))
A13: =IF(E13="","","TRX-2026-"&TEXT(ROW()-3,"0000")) | K13: =IF(A13="","",SUMIF(PEMBAYARAN!B:B,A13,PEMBAYARAN!F:F)) | L13: =IF(F13="","",MAX(0,F13-K13))
A14: =IF(E14="","","TRX-2026-"&TEXT(ROW()-3,"0000")) | K14: =IF(A14="","",SUMIF(PEMBAYARAN!B:B,A14,PEMBAYARAN!F:F)) | L14: =IF(F14="","",MAX(0,F14-K14))
A15: =IF(E15="","","TRX-2026-"&TEXT(ROW()-3,"0000")) | K15: =IF(A15="","",SUMIF(PEMBAYARAN!B:B,A15,PEMBAYARAN!F:F)) | L15: =IF(F15="","",MAX(0,F15-K15))
... A203: =IF(E203="","","TRX-2026-"&TEXT(ROW()-3,"0000")) | K203: =IF(A203="","",SUMIF(PEMBAYARAN!B:B,A203,PEMBAYARAN!F:F)) | L203: =IF(F203="","",MAX(0,F203-K203))

Sheet PEMBAYARAN
A1: PEMBAYARAN KONSUMEN
A3: Tanggal | B3: ID Transaksi | C3: ID Konsumen | D3: Nama | E3: Jenis | F3: Nominal | G3: Metode | H3: No Bukti | I3: Catatan

Sheet RAB_MASTER
A1: RAB MASTER & REALISASI
A3: Kategori | B3: Uraian | C3: Anggaran | D3: Realisasi | E3: Selisih | F3: Status | G3: Catatan
A4: Tanah | B4: Pembayaran/pembebasan tanah | E4: =IF(C4="","",C4-D4) | F4: =IF(C4="","Belum Dianggarkan",IF(D4>C4,"Melebihi",IF(D4=C4,"Sesuai","Berjalan"))) -> Belum Dianggarkan
A5: Legalitas | B5: AJB / TORA / administrasi | E5: =IF(C5="","",C5-D5) | F5: =IF(C5="","Belum Dianggarkan",IF(D5>C5,"Melebihi",IF(D5=C5,"Sesuai","Berjalan"))) -> Belum Dianggarkan
A6: Pematangan Lahan | B6: Pembersihan & pematangan | E6: =IF(C6="","",C6-D6) | F6: =IF(C6="","Belum Dianggarkan",IF(D6>C6,"Melebihi",IF(D6=C6,"Sesuai","Berjalan"))) -> Belum Dianggarkan
A7: Infrastruktur | B7: Jalan dalam 5,3 m | E7: =IF(C7="","",C7-D7) | F7: =IF(C7="","Belum Dianggarkan",IF(D7>C7,"Melebihi",IF(D7=C7,"Sesuai","Berjalan"))) -> Belum Dianggarkan
A8: Infrastruktur | B8: Drainase | E8: =IF(C8="","",C8-D8) | F8: =IF(C8="","Belum Dianggarkan",IF(D8>C8,"Melebihi",IF(D8=C8,"Sesuai","Berjalan"))) -> Belum Dianggarkan
A9: Fasilitas | B9: Gerbang / signage | E9: =IF(C9="","",C9-D9) | F9: =IF(C9="","Belum Dianggarkan",IF(D9>C9,"Melebihi",IF(D9=C9,"Sesuai","Berjalan"))) -> Belum Dianggarkan
A10: Marketing | B10: Banner sponsor Rancabuaya & Sukarame | C10: 500000 | D10: 500000 | E10: =IF(C10="","",C10-D10) -> 0 | F10: =IF(C10="","Belum Dianggarkan",IF(D10>C10,"Melebihi",IF(D10=C10,"Sesuai","Berjalan"))) -> Sesuai
A11: Operasional | B11: Operasional proyek | E11: =IF(C11="","",C11-D11) | F11: =IF(C11="","Belum Dianggarkan",IF(D11>C11,"Melebihi",IF(D11=C11,"Sesuai","Berjalan"))) -> Belum Dianggarkan
A12: Cadangan | B12: Dana cadangan | E12: =IF(C12="","",C12-D12) | F12: =IF(C12="","Belum Dianggarkan",IF(D12>C12,"Melebihi",IF(D12=C12,"Sesuai","Berjalan"))) -> Belum Dianggarkan

Sheet KAS_PROYEK
A1: BUKU KAS PROYEK
A3: Tanggal | B3: Kode | C3: Kategori | D3: Uraian | E3: Masuk | F3: Keluar | G3: Saldo | H3: Sumber/Transaksi | I3: Catatan
A4: 46227 | B4: EXP-2026-0001 | C4: Marketing | D4: Banner sponsor Rancabuaya & Sukarame | F4: 500000 | G4: =E4-F4 -> -500000 | I4: Banner Rp300rb + sponsor Rancabuaya Rp100rb + Sukarame Rp100rb
G5: =G4+E5-F5 -> -500000
G6: =G5+E6-F6 -> -500000
G7: =G6+E7-F7 -> -500000
G8: =G7+E8-F8 -> -500000
G9: =G8+E9-F9 -> -500000
G10: =G9+E10-F10 -> -500000
G11: =G10+E11-F11 -> -500000
G12: =G11+E12-F12 -> -500000
G13: =G12+E13-F13 -> -500000
G14: =G13+E14-F14 -> -500000
G15: =G14+E15-F15 -> -500000
G16: =G15+E16-F16 -> -500000
... G503: =G502+E503-F503 -> -500000

Sheet CASHFLOW_ALOKASI
A1: ALOKASI KAS OTOMATIS — FASE AWAL
A3: ID Transaksi | B3: Uang Masuk | C3: Tanah 50% | D3: Legal+Infra 25% | E3: Marketing 10% | F3: Cadangan 10% | G3: Operasional 5% | H3: Total Alokasi | I3: Sisa | J3: Status Tanah | K3: Status Legal/Infra | L3: Laba Layak Dibagi | M3: Catatan
B4: =IF(A4="","",SUMIF(PEMBAYARAN!B:B,A4,PEMBAYARAN!F:F)) | C4: =IF(B4="","",B4*PENGATURAN!$B$21) | D4: =IF(B4="","",B4*PENGATURAN!$B$22) | E4: =IF(B4="","",B4*PENGATURAN!$B$23) | F4: =IF(B4="","",B4*PENGATURAN!$B$24) | G4: =IF(B4="","",B4*PENGATURAN!$B$25) | H4: =IF(B4="","",SUM(C4:G4)) | I4: =IF(B4="","",B4-H4) | L4: =IF(OR(J4<>"Lunas",K4<>"Tercukupi"),0,I4) -> 0
B5: =IF(A5="","",SUMIF(PEMBAYARAN!B:B,A5,PEMBAYARAN!F:F)) | C5: =IF(B5="","",B5*PENGATURAN!$B$21) | D5: =IF(B5="","",B5*PENGATURAN!$B$22) | E5: =IF(B5="","",B5*PENGATURAN!$B$23) | F5: =IF(B5="","",B5*PENGATURAN!$B$24) | G5: =IF(B5="","",B5*PENGATURAN!$B$25) | H5: =IF(B5="","",SUM(C5:G5)) | I5: =IF(B5="","",B5-H5) | L5: =IF(OR(J5<>"Lunas",K5<>"Tercukupi"),0,I5) -> 0
B6: =IF(A6="","",SUMIF(PEMBAYARAN!B:B,A6,PEMBAYARAN!F:F)) | C6: =IF(B6="","",B6*PENGATURAN!$B$21) | D6: =IF(B6="","",B6*PENGATURAN!$B$22) | E6: =IF(B6="","",B6*PENGATURAN!$B$23) | F6: =IF(B6="","",B6*PENGATURAN!$B$24) | G6: =IF(B6="","",B6*PENGATURAN!$B$25) | H6: =IF(B6="","",SUM(C6:G6)) | I6: =IF(B6="","",B6-H6) | L6: =IF(OR(J6<>"Lunas",K6<>"Tercukupi"),0,I6) -> 0
B7: =IF(A7="","",SUMIF(PEMBAYARAN!B:B,A7,PEMBAYARAN!F:F)) | C7: =IF(B7="","",B7*PENGATURAN!$B$21) | D7: =IF(B7="","",B7*PENGATURAN!$B$22) | E7: =IF(B7="","",B7*PENGATURAN!$B$23) | F7: =IF(B7="","",B7*PENGATURAN!$B$24) | G7: =IF(B7="","",B7*PENGATURAN!$B$25) | H7: =IF(B7="","",SUM(C7:G7)) | I7: =IF(B7="","",B7-H7) | L7: =IF(OR(J7<>"Lunas",K7<>"Tercukupi"),0,I7) -> 0
B8: =IF(A8="","",SUMIF(PEMBAYARAN!B:B,A8,PEMBAYARAN!F:F)) | C8: =IF(B8="","",B8*PENGATURAN!$B$21) | D8: =IF(B8="","",B8*PENGATURAN!$B$22) | E8: =IF(B8="","",B8*PENGATURAN!$B$23) | F8: =IF(B8="","",B8*PENGATURAN!$B$24) | G8: =IF(B8="","",B8*PENGATURAN!$B$25) | H8: =IF(B8="","",SUM(C8:G8)) | I8: =IF(B8="","",B8-H8) | L8: =IF(OR(J8<>"Lunas",K8<>"Tercukupi"),0,I8) -> 0
B9: =IF(A9="","",SUMIF(PEMBAYARAN!B:B,A9,PEMBAYARAN!F:F)) | C9: =IF(B9="","",B9*PENGATURAN!$B$21) | D9: =IF(B9="","",B9*PENGATURAN!$B$22) | E9: =IF(B9="","",B9*PENGATURAN!$B$23) | F9: =IF(B9="","",B9*PENGATURAN!$B$24) | G9: =IF(B9="","",B9*PENGATURAN!$B$25) | H9: =IF(B9="","",SUM(C9:G9)) | I9: =IF(B9="","",B9-H9) | L9: =IF(OR(J9<>"Lunas",K9<>"Tercukupi"),0,I9) -> 0
B10: =IF(A10="","",SUMIF(PEMBAYARAN!B:B,A10,PEMBAYARAN!F:F)) | C10: =IF(B10="","",B10*PENGATURAN!$B$21) | D10: =IF(B10="","",B10*PENGATURAN!$B$22) | E10: =IF(B10="","",B10*PENGATURAN!$B$23) | F10: =IF(B10="","",B10*PENGATURAN!$B$24) | G10: =IF(B10="","",B10*PENGATURAN!$B$25) | H10: =IF(B10="","",SUM(C10:G10)) | I10: =IF(B10="","",B10-H10) | L10: =IF(OR(J10<>"Lunas",K10<>"Tercukupi"),0,I10) -> 0
B11: =IF(A11="","",SUMIF(PEMBAYARAN!B:B,A11,PEMBAYARAN!F:F)) | C11: =IF(B11="","",B11*PENGATURAN!$B$21) | D11: =IF(B11="","",B11*PENGATURAN!$B$22) | E11: =IF(B11="","",B11*PENGATURAN!$B$23) | F11: =IF(B11="","",B11*PENGATURAN!$B$24) | G11: =IF(B11="","",B11*PENGATURAN!$B$25) | H11: =IF(B11="","",SUM(C11:G11)) | I11: =IF(B11="","",B11-H11) | L11: =IF(OR(J11<>"Lunas",K11<>"Tercukupi"),0,I11) -> 0
B12: =IF(A12="","",SUMIF(PEMBAYARAN!B:B,A12,PEMBAYARAN!F:F)) | C12: =IF(B12="","",B12*PENGATURAN!$B$21) | D12: =IF(B12="","",B12*PENGATURAN!$B$22) | E12: =IF(B12="","",B12*PENGATURAN!$B$23) | F12: =IF(B12="","",B12*PENGATURAN!$B$24) | G12: =IF(B12="","",B12*PENGATURAN!$B$25) | H12: =IF(B12="","",SUM(C12:G12)) | I12: =IF(B12="","",B12-H12) | L12: =IF(OR(J12<>"Lunas",K12<>"Tercukupi"),0,I12) -> 0
B13: =IF(A13="","",SUMIF(PEMBAYARAN!B:B,A13,PEMBAYARAN!F:F)) | C13: =IF(B13="","",B13*PENGATURAN!$B$21) | D13: =IF(B13="","",B13*PENGATURAN!$B$22) | E13: =IF(B13="","",B13*PENGATURAN!$B$23) | F13: =IF(B13="","",B13*PENGATURAN!$B$24) | G13: =IF(B13="","",B13*PENGATURAN!$B$25) | H13: =IF(B13="","",SUM(C13:G13)) | I13: =IF(B13="","",B13-H13) | L13: =IF(OR(J13<>"Lunas",K13<>"Tercukupi"),0,I13) -> 0
B14: =IF(A14="","",SUMIF(PEMBAYARAN!B:B,A14,PEMBAYARAN!F:F)) | C14: =IF(B14="","",B14*PENGATURAN!$B$21) | D14: =IF(B14="","",B14*PENGATURAN!$B$22) | E14: =IF(B14="","",B14*PENGATURAN!$B$23) | F14: =IF(B14="","",B14*PENGATURAN!$B$24) | G14: =IF(B14="","",B14*PENGATURAN!$B$25) | H14: =IF(B14="","",SUM(C14:G14)) | I14: =IF(B14="","",B14-H14) | L14: =IF(OR(J14<>"Lunas",K14<>"Tercukupi"),0,I14) -> 0
B15: =IF(A15="","",SUMIF(PEMBAYARAN!B:B,A15,PEMBAYARAN!F:F)) | C15: =IF(B15="","",B15*PENGATURAN!$B$21) | D15: =IF(B15="","",B15*PENGATURAN!$B$22) | E15: =IF(B15="","",B15*PENGATURAN!$B$23) | F15: =IF(B15="","",B15*PENGATURAN!$B$24) | G15: =IF(B15="","",B15*PENGATURAN!$B$25) | H15: =IF(B15="","",SUM(C15:G15)) | I15: =IF(B15="","",B15-H15) | L15: =IF(OR(J15<>"Lunas",K15<>"Tercukupi"),0,I15) -> 0
... B203: =IF(A203="","",SUMIF(PEMBAYARAN!B:B,A203,PEMBAYARAN!F:F)) | C203: =IF(B203="","",B203*PENGATURAN!$B$21) | D203: =IF(B203="","",B203*PENGATURAN!$B$22) | E203: =IF(B203="","",B203*PENGATURAN!$B$23) | F203: =IF(B203="","",B203*PENGATURAN!$B$24) | G203: =IF(B203="","",B203*PENGATURAN!$B$25) | H203: =IF(B203="","",SUM(C203:G203)) | I203: =IF(B203="","",B203-H203) | L203: =IF(OR(J203<>"Lunas",K203<>"Tercukupi"),0,I203) -> 0

Sheet PPJB_OTOMATIS
A1: PPJB OTOMATIS - DATA CETAK
A3: ID Transaksi | B3: TRX-2026-0001
A4: Nomor PPJB | B4: =IF(B3="","","TR/PPJB/2026/"&RIGHT(B3,4)) -> TR/PPJB/2026/0001
A5: Nama Pembeli | B5: =IFERROR(INDEX(PENJUALAN!E:E,MATCH(B3,PENJUALAN!A:A,0)),"")
A6: NIK | B6: =IFERROR(INDEX(KONSUMEN!C:C,MATCH(INDEX(PENJUALAN!D:D,MATCH(B3,PENJUALAN!A:A,0)),KONSUMEN!A:A,0)),"")
A7: Alamat | B7: =IFERROR(INDEX(KONSUMEN!E:E,MATCH(INDEX(PENJUALAN!D:D,MATCH(B3,PENJUALAN!A:A,0)),KONSUMEN!A:A,0)),"")
A8: Kode Kavling | B8: =IFERROR(INDEX(PENJUALAN!C:C,MATCH(B3,PENJUALAN!A:A,0)),"")
A9: Luas Kavling (m²) | B9: =IFERROR(INDEX(MASTER_KAVLING!F:F,MATCH(B8,MASTER_KAVLING!A:A,0)),"")
A10: Harga Jual | B10: =IFERROR(INDEX(PENJUALAN!F:F,MATCH(B3,PENJUALAN!A:A,0)),"")
A11: Total Dibayar | B11: =IFERROR(INDEX(PENJUALAN!K:K,MATCH(B3,PENJUALAN!A:A,0)),"")
A12: Sisa Pembayaran | B12: =IFERROR(INDEX(PENJUALAN!L:L,MATCH(B3,PENJUALAN!A:A,0)),"")
A13: Tenor | B13: =IFERROR(INDEX(PENJUALAN!M:M,MATCH(B3,PENJUALAN!A:A,0)),"")
A14: Status Legal | B14: Girik - proses AJB/TORA

Sheet CHECKLIST_LEGAL
A1: CHECKLIST LEGAL & DOKUMEN
A3: Kode Kavling | B3: Pembeli | C3: Reservasi | D3: Booking/SPK | E3: PPJB | F3: AJB/Legal
A4: =MASTER_KAVLING!A4 -> TR-A01 | B4: =MASTER_KAVLING!J4 -> 0 | C4: Belum | D4: Belum | E4: Belum | F4: Belum
A5: =MASTER_KAVLING!A5 -> TR-A02 | B5: =MASTER_KAVLING!J5 -> 0 | C5: Belum | D5: Belum | E5: Belum | F5: Belum
A6: =MASTER_KAVLING!A6 -> TR-A03 | B6: =MASTER_KAVLING!J6 -> 0 | C6: Belum | D6: Belum | E6: Belum | F6: Belum
A7: =MASTER_KAVLING!A7 -> TR-A04 | B7: =MASTER_KAVLING!J7 -> 0 | C7: Belum | D7: Belum | E7: Belum | F7: Belum
A8: =MASTER_KAVLING!A8 -> TR-A05 | B8: =MASTER_KAVLING!J8 -> 0 | C8: Belum | D8: Belum | E8: Belum | F8: Belum
A9: =MASTER_KAVLING!A9 -> TR-A06 | B9: =MASTER_KAVLING!J9 -> 0 | C9: Belum | D9: Belum | E9: Belum | F9: Belum
A10: =MASTER_KAVLING!A10 -> TR-A07 | B10: =MASTER_KAVLING!J10 -> 0 | C10: Belum | D10: Belum | E10: Belum | F10: Belum
A11: =MASTER_KAVLING!A11 -> TR-B01 | B11: =MASTER_KAVLING!J11 -> 0 | C11: Belum | D11: Belum | E11: Belum | F11: Belum
A12: =MASTER_KAVLING!A12 -> TR-B02 | B12: =MASTER_KAVLING!J12 -> 0 | C12: Belum | D12: Belum | E12: Belum | F12: Belum
A13: =MASTER_KAVLING!A13 -> TR-B03 | B13: =MASTER_KAVLING!J13 -> 0 | C13: Belum | D13: Belum | E13: Belum | F13: Belum
A14: =MASTER_KAVLING!A14 -> TR-B04 | B14: =MASTER_KAVLING!J14 -> 0 | C14: Belum | D14: Belum | E14: Belum | F14: Belum
A15: =MASTER_KAVLING!A15 -> TR-B05 | B15: =MASTER_KAVLING!J15 -> 0 | C15: Belum | D15: Belum | E15: Belum | F15: Belum
... A17: =MASTER_KAVLING!A17 -> TR-B07 | B17: =MASTER_KAVLING!J17 -> 0 | C17: Belum | D17: Belum | E17: Belum | F17: Belum
